CustomerID,Recency,Frequency,Monetary,AOV,Predicted_LTV,Segment
12347.0,33,31,711.79,22.960967741935484,704.6117000000002,High Value
12348.0,24,17,892.8,52.51764705882353,906.7701000000015,High Value
12370.0,24,91,1868.02,20.52769230769231,1839.3830999999989,High Value
12377.0,21,43,1001.52,23.291162790697673,1013.6668000000004,High Value
12383.0,19,37,600.72,16.235675675675676,596.8483000000006,High Value
12386.0,4,10,401.9,40.19,411.41300000000064,Medium Value
12395.0,23,31,679.92,21.93290322580645,683.9922999999992,High Value
12413.0,3,24,479.25,19.96875,485.0273000000002,High Value
12415.0,4,46,7011.38,152.4213043478261,6035.171100000002,High Value
12417.0,24,11,291.34,26.485454545454544,292.7793,Medium Value
12423.0,20,16,237.93,14.870625,241.15930000000017,Low Value
12427.0,38,10,303.5,30.35,306.9816,Medium Value
12429.0,32,20,1281.5,64.075,1298.8637,High Value
12431.0,24,24,773.95,32.24791666666667,760.3980999999991,High Value
12433.0,32,147,3787.12,25.762721088435374,4482.5864999999985,High Value
12441.0,33,11,173.55,15.77727272727273,175.84199999999979,Low Value
12471.0,24,76,3874.36,50.97842105263158,3597.5660999999964,High Value
12472.0,36,70,1631.3,23.304285714285715,1659.0108999999993,High Value
12476.0,27,2,12.45,6.225,19.960600000000017,Low Value
12480.0,2,42,816.25,19.43452380952381,841.9147,High Value
12481.0,3,46,1394.43,30.313695652173916,1353.7967999999983,High Value
12483.0,6,13,547.56,42.12,528.8540999999996,High Value
12484.0,3,98,1138.67,11.619081632653062,1091.2197999999996,High Value
12489.0,3,15,334.93,22.328666666666667,325.09330000000017,Medium Value
12494.0,25,4,62.55,15.6375,63.71730000000008,Low Value
12501.0,3,149,2169.39,14.559664429530201,2068.5374000000033,High Value
12515.0,19,16,383.7,23.98125,381.48940000000005,Medium Value
12530.0,3,13,387.40000000000003,29.800000000000004,389.68300000000016,Medium Value
12540.0,28,20,881.01,44.0505,850.4211999999993,High Value
12551.0,24,10,168.0,16.8,172.55519999999996,Low Value
12557.0,38,5,620.0,124.0,652.9957000000003,High Value
12567.0,34,83,1942.38,23.402168674698796,1880.1154000000001,High Value
12577.0,25,67,195.89,2.923731343283582,211.39969999999977,Low Value
12583.0,3,42,1586.02,37.76238095238095,1474.5960999999998,High Value
12585.0,18,65,1262.85,19.428461538461537,1244.0906000000018,High Value
12600.0,24,7,274.8,39.25714285714286,274.45959999999957,Medium Value
12621.0,24,32,1383.65,43.2390625,1270.7978999999982,High Value
12647.0,24,47,1193.6,25.395744680851063,1174.4297000000017,High Value
12651.0,1,9,114.0,12.666666666666666,115.20859999999998,Low Value
12662.0,40,15,261.48,17.432000000000002,264.2868,Medium Value
12668.0,22,24,469.87,19.577916666666667,470.2993000000005,Medium Value
12678.0,20,5,221.28,44.256,223.17829999999992,Low Value
12681.0,5,122,2674.18,21.91950819672131,3782.8088999999954,High Value
12682.0,4,89,1910.4,21.465168539325845,1927.8235999999974,High Value
12683.0,32,54,1063.08,19.686666666666664,1056.0956,High Value
12686.0,38,7,89.14,12.734285714285715,93.84700000000002,Low Value
12691.0,23,5,180.0,36.0,177.32859999999994,Low Value
12705.0,23,30,858.0,28.6,826.6808,High Value
12708.0,35,14,196.44,14.031428571428572,195.92049999999992,Low Value
12709.0,24,14,1315.69,93.97785714285715,1237.3409999999997,High Value
12712.0,32,20,470.63,23.5315,468.7109,Medium Value
12720.0,24,45,657.13,14.602888888888888,671.3852999999992,High Value
12721.0,21,15,286.6,19.10666666666667,286.5902999999999,Medium Value
12725.0,37,24,427.8,17.825,426.27900000000017,Medium Value
12726.0,24,6,170.28,28.38,167.2317000000002,Low Value
12731.0,31,16,1071.9,66.99375,1051.6330999999993,High Value
12734.0,19,4,110.39999999999999,27.599999999999998,108.99969999999989,Low Value
12735.0,4,22,319.77,14.534999999999998,320.61130000000014,Medium Value
12738.0,38,11,155.35,14.122727272727273,153.51430000000016,Low Value
12747.0,28,15,706.27,47.084666666666664,717.9910999999998,High Value
12748.0,4,682,4479.43,6.568079178885631,2263.438000000003,High Value
12753.0,29,48,3590.59,74.80395833333334,3571.792600000003,High Value
12755.0,32,1,3794.3999999999996,3794.3999999999996,9089.181900000009,High Value
12763.0,35,16,320.08,20.005,321.04480000000007,Medium Value
12766.0,33,53,1149.29,21.684716981132073,1131.4833999999987,High Value
12779.0,38,8,248.16,31.02,251.49200000000002,Low Value
12782.0,24,22,463.5,21.068181818181817,458.35039999999987,Medium Value
12785.0,31,14,311.95,22.282142857142855,312.20930000000027,Medium Value
12791.0,40,2,192.60000000000002,96.30000000000001,197.34199999999998,Low Value
12793.0,1,24,545.48,22.728333333333335,548.5935000000006,High Value
12797.0,32,13,254.03,19.540769230769232,262.7542000000001,Medium Value
12808.0,35,7,129.4,18.485714285714288,131.97429999999986,Low Value
12826.0,31,9,155.0,17.22222222222222,154.03389999999987,Low Value
12829.0,3,11,293.0,26.636363636363637,295.318,Medium Value
12838.0,40,59,390.79,6.623559322033898,385.6054000000006,Medium Value
12839.0,23,37,737.45,19.931081081081082,746.2153999999988,High Value
12841.0,4,75,730.1,9.734666666666667,751.3669999999997,High Value
12855.0,39,3,38.1,12.700000000000001,40.05359999999995,Low Value
12867.0,26,54,362.79,6.718333333333334,371.01070000000004,Medium Value
12868.0,40,12,203.3,16.941666666666666,203.00109999999975,Low Value
12872.0,31,38,378.53000000000003,9.961315789473685,387.1402999999996,Medium Value
12875.0,29,1,293.76000000000005,293.76000000000005,298.35919999999965,Medium Value
12877.0,25,14,150.06,10.718571428571428,150.85189999999994,Low Value
12913.0,34,4,417.62,104.405,395.11490000000026,Medium Value
12915.0,39,13,199.65,15.357692307692307,201.4031999999999,Low Value
12921.0,5,59,1169.5,19.822033898305083,1157.9638000000004,High Value
12928.0,25,17,392.34000000000003,23.078823529411768,389.1119000000001,Medium Value
12931.0,23,2,177.0,88.5,187.4896,Low Value
12939.0,1,6,1933.2,322.2,1742.229200000001,High Value
12942.0,32,16,258.75,16.171875,258.3386000000001,Low Value
12944.0,21,14,286.95,20.49642857142857,291.3489000000003,Medium Value
12947.0,3,33,605.7,18.354545454545455,597.9855999999992,High Value
12957.0,6,29,413.68,14.264827586206897,415.4534000000001,Medium Value
12963.0,32,16,365.8,22.8625,361.5163,Medium Value
12967.0,24,19,1660.9,87.41578947368421,1574.015799999998,High Value
12971.0,1,28,646.49,23.08892857142857,642.2953999999995,High Value
12980.0,25,3,889.32,296.44,739.0537999999999,High Value
12989.0,31,1,202.5,202.5,211.47999999999996,Low Value
13000.0,31,11,201.75,18.34090909090909,203.86449999999996,Low Value
13004.0,24,23,357.01,15.522173913043478,361.8499999999997,Medium Value
13011.0,38,3,50.550000000000004,16.85,54.69470000000007,Low Value
13013.0,38,67,1528.34,22.811044776119402,1540.8553999999995,High Value
13021.0,25,7,157.35000000000002,22.47857142857143,157.37540000000018,Low Value
13027.0,21,6,1440.0,240.0,1330.9762999999994,High Value
13029.0,20,1,382.5,382.5,780.6406000000002,High Value
13030.0,35,60,427.74,7.1290000000000004,423.17700000000013,Medium Value
13033.0,24,11,190.55,17.322727272727274,190.66159999999985,Low Value
13034.0,35,11,165.86,15.07818181818182,164.26069999999984,Low Value
13047.0,40,17,366.63,21.566470588235294,359.9615000000001,Medium Value
13050.0,21,69,1199.8700000000001,17.389420289855074,1253.0898999999995,High Value
13065.0,39,14,205.86,14.704285714285716,207.0844999999997,Low Value
13069.0,1,114,985.06,8.640877192982456,955.9703999999997,High Value
13077.0,32,14,313.72,22.40857142857143,311.9750000000003,Medium Value
13078.0,26,29,881.16,30.384827586206896,856.3412000000009,High Value
13081.0,3,245,5894.42,24.058857142857143,5437.448899999996,High Value
13082.0,4,7,379.44,54.205714285714286,403.3132,Medium Value
13089.0,4,159,7738.67,48.67088050314465,6932.757800000004,High Value
13090.0,31,8,1008.4,126.05,852.0055,High Value
13092.0,26,7,185.45,26.49285714285714,189.53680000000026,Low Value
13093.0,3,91,5169.97,56.81285714285715,4734.867199999992,High Value
13094.0,3,5,376.32000000000005,75.26400000000001,431.91020000000003,Medium Value
13097.0,4,52,1076.19,20.69596153846154,1094.555700000001,High Value
13102.0,1,39,975.1999999999999,25.005128205128205,956.2160999999985,High Value
13104.0,21,1,101.76,101.76,103.95850000000013,Low Value
13108.0,39,10,350.06,35.006,352.0143000000005,Medium Value
13113.0,33,10,372.96999999999997,37.297,377.64890000000037,Medium Value
13117.0,31,26,388.15,14.928846153846154,385.7426000000006,Medium Value
13124.0,25,61,1256.32,20.595409836065574,1216.8880000000022,High Value
13126.0,5,31,547.31,17.655161290322578,550.7548999999996,High Value
13138.0,38,14,193.23,13.802142857142856,194.41629999999972,Low Value
13140.0,32,16,159.51,9.969375,162.56560000000016,Low Value
13145.0,38,1,295.0,295.0,305.1902,Medium Value
13148.0,31,18,309.40000000000003,17.18888888888889,309.07260000000036,Medium Value
13155.0,35,52,379.7,7.301923076923076,381.1966,Medium Value
13162.0,1,37,753.26,20.35837837837838,761.8629999999996,High Value
13165.0,18,13,354.64,27.279999999999998,348.80899999999974,Medium Value
13173.0,34,23,165.94,7.214782608695652,162.4479000000001,Low Value
13174.0,35,169,1415.97,8.378520710059172,1653.3074000000017,High Value
13178.0,27,32,710.0,22.1875,705.1563999999994,High Value
13183.0,1,20,625.04,31.252,646.565,High Value
13187.0,3,37,236.02,6.378918918918919,243.56160000000017,Low Value
13198.0,28,24,384.55,16.022916666666667,382.7056000000001,Medium Value
13199.0,5,13,911.24,70.09538461538462,972.9493000000008,High Value
13209.0,28,13,318.85,24.52692307692308,320.6062999999995,Medium Value
13211.0,27,2,110.7,55.35,129.59500000000008,Low Value
13221.0,26,35,498.16,14.233142857142857,508.9806000000006,High Value
13225.0,4,12,2470.44,205.87,2110.536100000001,High Value
13230.0,31,13,93.45,7.188461538461539,101.81800000000004,Low Value
13233.0,2,17,304.24,17.896470588235296,306.6446000000004,Medium Value
13238.0,26,5,91.15,18.23,93.88509999999991,Low Value
13240.0,32,21,224.07,10.67,228.57729999999992,Low Value
13253.0,5,16,476.48,29.78,478.0662000000006,High Value
13255.0,40,6,225.7,37.61666666666667,226.4859000000002,Low Value
13267.0,27,25,622.3000000000001,24.892000000000003,617.4487000000012,High Value
13269.0,27,28,662.1700000000001,23.648928571428574,659.7343999999996,High Value
13270.0,32,1,590.0,590.0,984.3265999999996,High Value
13280.0,3,37,307.35,8.306756756756757,306.9788999999997,Medium Value
13295.0,26,10,201.20000000000002,20.12,206.0665000000002,Low Value
13304.0,18,21,300.42,14.305714285714286,313.6605,Medium Value
13305.0,39,5,136.2,27.24,139.99880000000007,Low Value
13313.0,6,17,307.3,18.076470588235296,307.65699999999975,Medium Value
13317.0,25,14,238.05,17.00357142857143,236.8197999999997,Low Value
13319.0,6,93,2061.9700000000003,22.17172043010753,2030.7959000000005,High Value
13324.0,27,5,650.1,130.02,702.8266999999997,High Value
13327.0,31,21,745.0,35.476190476190474,718.9142999999999,High Value
13329.0,33,7,304.2,43.457142857142856,299.96079999999995,Medium Value
13368.0,4,1,35.400000000000006,35.400000000000006,45.301399999999994,Low Value
13369.0,32,14,308.28000000000003,22.020000000000003,308.8036999999998,Medium Value
13370.0,38,39,754.87,19.355641025641027,773.7407000000001,High Value
13397.0,6,8,299.92,37.49,298.0341999999995,Medium Value
13402.0,38,17,308.28000000000003,18.134117647058826,307.9871999999997,Medium Value
13408.0,3,44,3335.4,75.80454545454546,3384.3305000000023,High Value
13418.0,26,49,1579.62,32.23714285714286,1514.5169999999987,High Value
13426.0,3,32,639.4300000000001,19.982187500000002,641.4552999999999,High Value
13448.0,31,34,829.5400000000001,24.39823529411765,817.9829999999995,High Value
13455.0,33,30,692.94,23.098000000000003,687.6957000000006,High Value
13458.0,4,83,2675.04,32.229397590361444,2557.911600000003,High Value
13468.0,25,53,911.0,17.18867924528302,910.9549000000002,High Value
13487.0,19,11,193.15,17.55909090909091,192.16889999999992,Low Value
13488.0,34,45,1381.92,30.709333333333333,1383.4662999999994,High Value
13491.0,26,12,196.4,16.366666666666667,194.4916,Low Value
13495.0,26,22,865.4300000000001,39.33772727272728,837.782299999999,High Value
13496.0,26,26,501.01,19.269615384615385,503.1397,High Value
13497.0,35,9,153.5,17.055555555555557,152.39119999999994,Low Value
13506.0,36,17,301.12,17.71294117647059,301.5410999999997,Medium Value
13520.0,38,6,303.4,50.56666666666666,301.0366000000005,Medium Value
13523.0,33,30,566.95,18.898333333333333,550.8067999999992,High Value
13531.0,32,15,305.45,20.363333333333333,306.4811000000003,Medium Value
13534.0,3,22,471.2,21.418181818181818,471.6596999999999,Medium Value
13564.0,20,82,1198.38,14.61439024390244,1179.2876000000012,High Value
13565.0,1,13,110.17999999999999,8.475384615384614,112.49610000000015,Low Value
13569.0,34,24,118.32,4.93,122.68129999999987,Low Value
13576.0,3,27,972.83,36.03074074074074,947.7247000000009,High Value
13579.0,35,9,164.70000000000002,18.3,164.19580000000016,Low Value
13593.0,2,39,559.85,14.355128205128207,560.8120999999995,High Value
13599.0,3,26,721.98,27.76846153846154,722.8577000000006,High Value
13611.0,26,15,303.15000000000003,20.21,302.43590000000034,Medium Value
13627.0,24,20,311.19,15.5595,311.01899999999966,Medium Value
13629.0,5,3,660.0,220.0,613.7904999999998,High Value
13649.0,32,15,197.8,13.186666666666667,205.89610000000008,Low Value
13652.0,35,18,308.8,17.155555555555555,309.2301999999998,Medium Value
13656.0,3,31,162.70000000000002,5.248387096774194,165.0160000000002,Low Value
13668.0,1,38,386.22,10.163684210526316,396.91710000000035,Medium Value
13680.0,4,70,2391.59,34.16557142857143,2249.643999999999,High Value
13694.0,5,69,4076.64,59.081739130434784,4042.4638000000036,High Value
13705.0,40,10,318.14,31.814,319.0069999999997,Medium Value
13715.0,5,97,941.85,9.70979381443299,948.3280000000003,High Value
13747.0,40,1,79.6,79.6,87.23300000000012,Low Value
13748.0,40,1,204.0,204.0,220.164,Low Value
13750.0,3,1,325.44,325.44,414.82210000000015,Medium Value
13756.0,25,16,1004.4000000000001,62.775000000000006,993.5017,High Value
13758.0,1,33,1141.25,34.583333333333336,1132.9385,High Value
13764.0,3,69,499.89,7.244782608695652,505.7449999999998,High Value
13767.0,5,62,2609.76,42.09290322580645,1700.7713999999992,High Value
13769.0,34,10,322.3,32.230000000000004,328.20719999999966,Medium Value
13777.0,18,38,6961.78,183.20473684210526,5543.219300000004,High Value
13786.0,34,7,230.39999999999998,32.91428571428571,231.1461000000002,Low Value
13787.0,30,7,106.4,15.200000000000001,108.45159999999986,Low Value
13798.0,3,54,6268.66,116.0862962962963,4318.168100000004,High Value
13807.0,33,7,112.6,16.085714285714285,113.58240000000005,Low Value
13817.0,18,9,128.7,14.299999999999999,128.66400000000013,Low Value
13831.0,36,2,408.0,204.0,381.09899999999993,Medium Value
13838.0,36,52,238.11,4.579038461538461,242.87360000000012,Low Value
13842.0,3,38,613.57,16.146578947368422,608.4899999999999,High Value
13846.0,26,28,411.4,14.692857142857141,415.2897000000005,Medium Value
13848.0,32,1,320.0,320.0,333.0488,Medium Value
13854.0,24,11,609.4399999999999,55.40363636363636,647.1358000000004,High Value
13869.0,23,21,323.62,15.41047619047619,327.8803999999997,Medium Value
13874.0,24,18,540.45,30.025000000000002,521.8099999999994,High Value
13880.0,34,6,97.8,16.3,96.31560000000002,Low Value
13890.0,25,11,190.35,17.304545454545455,190.55019999999996,Low Value
13922.0,18,7,172.25,24.607142857142858,170.36420000000015,Low Value
13941.0,39,11,1095.12,99.55636363636363,1017.1943999999992,High Value
13948.0,27,3,102.0,34.0,100.43149999999997,Low Value
13953.0,19,1,500.0,500.0,770.9022,High Value
13959.0,29,16,214.74,13.42125,215.95050000000018,Low Value
13963.0,6,20,366.71,18.3355,358.88119999999964,Medium Value
13969.0,31,25,317.59000000000003,12.703600000000002,317.0038000000002,Medium Value
13982.0,32,23,428.6,18.63478260869565,421.06069999999966,Medium Value
13983.0,33,15,329.36,21.957333333333334,328.3370000000002,Medium Value
13984.0,32,5,154.8,30.96,157.1507999999998,Low Value
13999.0,28,17,302.1,17.77058823529412,302.02829999999955,Medium Value
14001.0,40,9,301.24,33.471111111111114,299.81260000000054,Medium Value
14016.0,24,39,753.74,19.326666666666668,752.7475999999999,High Value
14030.0,32,27,676.5,25.055555555555557,696.6951000000004,High Value
14031.0,3,44,3538.19,80.4134090909091,3482.1067000000016,High Value
14032.0,22,29,619.42,21.359310344827584,611.1468999999989,High Value
14037.0,31,26,111.8,4.3,121.49639999999991,Low Value
14045.0,4,5,1251.75,250.35,1225.3544999999997,High Value
14047.0,3,13,296.22,22.786153846153848,299.24900000000025,Medium Value
14051.0,20,33,1828.16,55.39878787878788,1807.6376000000012,High Value
14057.0,27,48,925.92,19.29,911.4731999999995,High Value
14060.0,26,16,874.04,54.6275,891.2643999999993,High Value
14062.0,20,28,1444.1200000000001,51.57571428571429,1490.5189999999989,High Value
14078.0,40,13,136.24,10.48,136.82080000000008,Low Value
14081.0,35,69,423.52,6.137971014492753,422.11259999999953,Medium Value
14082.0,31,29,182.25,6.2844827586206895,181.8356,Low Value
14083.0,20,95,459.89,4.840947368421053,448.2581999999995,Medium Value
14085.0,18,85,1190.24,14.002823529411765,1194.913600000002,High Value
14092.0,19,41,601.73,14.676341463414635,600.5201999999997,High Value
14099.0,21,40,383.52,9.588,387.3461999999995,Medium Value
14107.0,31,16,363.24,22.7025,356.3952999999999,Medium Value
14113.0,21,2,433.5,216.75,418.2066000000001,Medium Value
14135.0,4,50,1133.05,22.660999999999998,1117.8798000000015,High Value
14142.0,39,22,311.81,14.173181818181819,316.11010000000033,Medium Value
14146.0,23,35,1241.43,35.46942857142857,1240.6198999999976,High Value
14150.0,26,12,306.18,25.515,305.0324999999999,Medium Value
14156.0,38,3,322.2,107.39999999999999,328.3936000000002,Medium Value
14159.0,29,51,193.22,3.788627450980392,197.91210000000004,Low Value
14161.0,36,26,283.15,10.890384615384615,290.6957000000004,Medium Value
14176.0,34,9,159.55,17.727777777777778,157.81399999999974,Low Value
14180.0,6,62,1180.85,19.04596774193548,1164.9012000000016,High Value
14189.0,5,31,676.04,21.807741935483868,678.4222000000002,High Value
14201.0,26,4,67.24000000000001,16.810000000000002,67.79919999999997,Low Value
14210.0,6,37,668.61,18.07054054054054,664.8559000000004,High Value
14215.0,34,6,166.0,27.666666666666668,162.79109999999994,Low Value
14217.0,3,11,220.79999999999998,20.07272727272727,221.11429999999984,Low Value
14220.0,24,11,312.98,28.452727272727273,310.11959999999976,Medium Value
14221.0,5,18,312.95,17.38611111111111,309.8590000000003,Medium Value
14236.0,38,3,189.3,63.1,209.38579999999976,Low Value
14237.0,40,9,161.0,17.88888888888889,157.31859999999986,Low Value
14243.0,24,19,472.0,24.842105263157894,472.2512000000001,Medium Value
14256.0,31,32,523.86,16.370625,532.5739000000001,High Value
14258.0,4,31,3120.2200000000003,100.65225806451613,2881.8432000000003,High Value
14282.0,34,13,571.0,43.92307692307692,554.7251999999999,High Value
14290.0,28,23,777.5600000000001,33.80695652173913,764.3783999999991,High Value
14293.0,35,15,364.92,24.328,364.13620000000026,Medium Value
14298.0,3,197,6119.36,31.06274111675127,6220.781499999995,High Value
14299.0,4,14,1051.1399999999999,75.08142857142856,1041.0429,High Value
14307.0,40,48,783.11,16.314791666666668,767.1638000000005,High Value
14309.0,25,6,147.75,24.625,145.72300000000004,Low Value
14312.0,3,15,309.55,20.636666666666667,307.06849999999986,Medium Value
14334.0,24,20,320.15,16.0075,316.41999999999985,Medium Value
14344.0,24,14,355.65000000000003,25.403571428571432,347.46020000000027,Medium Value
14355.0,32,11,174.4,15.854545454545455,176.53799999999978,Low Value
14373.0,24,4,76.55,19.1375,76.19840000000008,Low Value
14388.0,39,21,312.8,14.895238095238096,315.59360000000015,Medium Value
14390.0,39,27,223.7,8.285185185185185,228.0345000000003,Low Value
14395.0,38,27,308.68,11.432592592592593,328.38130000000046,Medium Value
14396.0,37,34,110.35000000000001,3.245588235294118,131.615,Low Value
14401.0,26,15,247.38,16.492,246.47489999999993,Low Value
14404.0,35,26,133.48,5.133846153846154,134.90659999999983,Low Value
14409.0,34,2,328.80000000000007,164.40000000000003,328.62249999999966,Medium Value
14413.0,29,23,122.7,5.334782608695653,128.77850000000007,Low Value
14414.0,25,8,217.2,27.15,219.9883000000002,Low Value
14415.0,27,88,875.18,9.945227272727273,877.0266999999991,High Value
14419.0,31,21,124.1,5.909523809523809,135.50699999999992,Low Value
14437.0,32,5,63.0,12.6,70.54129999999999,Low Value
14440.0,32,13,656.7,50.51538461538462,650.8241999999995,High Value
14443.0,35,20,303.5,15.175,300.91720000000004,Medium Value
14448.0,30,18,102.35000000000001,5.686111111111112,132.09169999999992,Low Value
14449.0,39,50,210.24,4.2048000000000005,212.52180000000018,Low Value
14462.0,6,3,109.3,36.43333333333333,108.99199999999995,Low Value
14466.0,39,10,379.75,37.975,381.3673000000001,Medium Value
14472.0,1,70,614.14,8.773428571428571,636.7588999999999,High Value
14479.0,32,10,174.4,17.44,176.2054999999999,Low Value
14487.0,35,13,125.10000000000001,9.623076923076924,128.14260000000013,Low Value
14491.0,39,4,127.2,31.8,126.97040000000014,Low Value
14496.0,39,5,304.34000000000003,60.86800000000001,360.81250000000034,Medium Value
14498.0,28,14,166.22,11.872857142857143,169.7922999999999,Low Value
14505.0,3,182,1367.41,7.513241758241759,1628.2399000000016,High Value
14506.0,36,50,269.7,5.394,275.2016999999998,Medium Value
14524.0,27,26,275.45,10.59423076923077,281.06320000000034,Medium Value
14525.0,27,20,462.3,23.115000000000002,464.6919000000005,Medium Value
14527.0,5,129,1155.24,8.955348837209302,1299.7279000000017,High Value
14532.0,19,14,222.6,15.9,223.4588999999998,Low Value
14533.0,19,10,433.5,43.35,428.90100000000007,Medium Value
14543.0,31,5,254.4,50.88,287.5862000000003,Medium Value
14544.0,28,57,1121.92,19.682807017543862,1100.184299999999,High Value
14553.0,5,23,201.94,8.78,207.92229999999995,Low Value
14560.0,24,14,408.16999999999996,29.154999999999998,400.51439999999934,Medium Value
14565.0,28,54,1167.41,21.618703703703705,1133.2798999999993,High Value
14573.0,38,76,413.1,5.435526315789474,400.4453999999995,Medium Value
14576.0,38,1,35.400000000000006,35.400000000000006,43.91000000000004,Low Value
14577.0,29,38,346.90000000000003,9.128947368421054,359.9898999999997,Medium Value
14589.0,38,3,39.75,13.25,40.98699999999998,Low Value
14594.0,40,31,255.0,8.225806451612904,251.29760000000002,Low Value
14606.0,1,324,1815.82,5.604382716049383,1850.2045000000037,High Value
14608.0,28,1,204.0,204.0,214.54339999999993,Low Value
14618.0,4,5,211.8,42.36,213.2760999999997,Low Value
14621.0,25,16,305.7,19.10625,302.6726000000002,Medium Value
14625.0,27,34,585.53,17.22147058823529,586.0929999999995,High Value
14639.0,28,41,676.54,16.500975609756097,682.6400000000001,High Value
14643.0,24,15,357.94,23.862666666666666,360.2920999999999,Medium Value
14646.0,19,70,8591.88,122.74114285714285,4970.2993000000015,High Value
14653.0,5,29,344.81,11.89,346.5351000000002,Medium Value
14667.0,27,143,1998.1,13.972727272727273,1901.7434000000026,High Value
14672.0,2,34,285.28000000000003,8.390588235294118,288.79169999999993,Medium Value
14673.0,34,15,373.49,24.899333333333335,371.11980000000045,Medium Value
14680.0,4,52,4395.51,84.52903846153846,4096.904000000005,High Value
14684.0,29,44,168.36,3.8263636363636366,168.5362000000001,Low Value
14688.0,40,19,444.98,23.42,448.30249999999984,Medium Value
14696.0,39,18,294.62,16.36777777777778,295.98509999999993,Medium Value
14702.0,1,70,778.05,11.115,795.0359000000009,High Value
14708.0,35,12,419.06,34.92166666666667,410.11690000000016,Medium Value
14709.0,25,15,314.1,20.94,312.9516999999998,Medium Value
14713.0,24,44,425.85,9.678409090909092,431.8129999999996,Medium Value
14723.0,24,90,471.0,5.233333333333333,428.9943999999996,Medium Value
14729.0,40,71,313.49,4.415352112676056,319.91400000000027,Medium Value
14732.0,5,10,203.1,20.31,213.3554999999999,Low Value
14733.0,21,78,4357.22,55.86179487179488,4120.406199999994,High Value
14735.0,24,5,252.2,50.44,266.8537000000003,Medium Value
14737.0,20,8,434.0,54.25,445.3925,Medium Value
14739.0,5,18,943.44,52.413333333333334,993.9515000000017,High Value
14741.0,28,19,495.3,26.068421052631578,498.7102000000005,High Value
14744.0,33,3,225.0,75.0,240.12599999999995,Low Value
14748.0,35,32,470.42,14.700625,474.3585999999992,Medium Value
14755.0,1,27,488.46000000000004,18.09111111111111,495.6579999999995,High Value
14761.0,1,7,97.5,13.928571428571429,102.30550000000001,Low Value
14766.0,32,6,180.4,30.066666666666666,177.75679999999986,Low Value
14769.0,24,22,347.01,15.773181818181818,344.0676999999996,Medium Value
14775.0,38,20,406.56,20.328,409.66399999999953,Medium Value
14796.0,28,87,1028.82,11.825517241379309,1040.9877000000017,High Value
14800.0,1,146,1757.84,12.04,1879.9359999999992,High Value
14810.0,1,39,326.99,8.384358974358975,327.0772000000003,Medium Value
14813.0,36,30,155.43,5.181,152.97570000000007,Low Value
14821.0,33,2,48.800000000000004,24.400000000000002,52.86900000000006,Low Value
14825.0,25,18,396.43,22.02388888888889,392.81040000000024,Medium Value
14828.0,3,5,582.0,116.4,605.2645,High Value
14829.0,27,26,385.33,14.820384615384615,382.1884000000007,Medium Value
14841.0,25,19,395.16,20.797894736842107,394.0465999999999,Medium Value
14849.0,25,28,566.89,20.24607142857143,579.1015999999995,High Value
14865.0,38,3,37.2,12.4,40.35949999999996,Low Value
14866.0,32,1,103.67999999999999,103.67999999999999,107.7564000000001,Low Value
14867.0,2,15,300.74,20.049333333333333,301.1765000000005,Medium Value
14871.0,27,25,140.4,5.6160000000000005,144.68159999999986,Low Value
14878.0,25,13,322.01,24.77,324.88089999999954,Medium Value
14889.0,2,10,135.9,13.59,141.40339999999986,Low Value
14896.0,32,32,257.22,8.038125,257.87690000000026,Low Value
14898.0,37,3,98.5,32.833333333333336,101.16789999999997,Low Value
14901.0,27,38,497.04999999999995,13.080263157894736,493.2807000000005,High Value
14907.0,27,47,960.69,20.440212765957448,971.1697000000007,High Value
14911.0,17,292,7737.9400000000005,26.499794520547947,7008.084999999992,High Value
14913.0,26,17,300.87,17.698235294117648,299.0254999999997,Medium Value
14932.0,32,17,363.53,21.384117647058822,360.1267,Medium Value
14952.0,31,7,686.16,98.02285714285713,641.3839000000011,High Value
14961.0,27,38,1182.7,31.123684210526317,1218.1871999999983,High Value
14985.0,24,50,124.51,2.4902,131.6881000000001,Low Value
14987.0,32,2,163.2,81.6,180.2942,Low Value
15002.0,5,56,893.15,15.949107142857143,873.2726999999994,High Value
15005.0,1,98,611.46,6.239387755102041,622.5379999999996,High Value
15012.0,40,54,191.06,3.538148148148148,189.6394,Low Value
15018.0,34,5,111.25,22.25,114.31750000000004,Low Value
15021.0,33,53,205.64000000000001,3.8800000000000003,202.94689999999983,Low Value
15023.0,36,37,460.6,12.44864864864865,469.28609999999986,Medium Value
15024.0,33,48,491.22,10.23375,492.5541000000004,High Value
15028.0,35,14,185.97,13.28357142857143,188.63739999999996,Low Value
15032.0,33,30,2770.6,92.35333333333332,2599.8831000000037,High Value
15034.0,4,82,1426.35,17.39451219512195,1461.9364000000019,High Value
15038.0,36,35,126.42999999999999,3.612285714285714,133.54910000000007,Low Value
15039.0,6,164,2136.22,13.025731707317071,2117.3425000000016,High Value
15044.0,19,116,2139.15,18.44094827586207,1839.3934999999985,High Value
15046.0,4,29,511.95,17.65344827586207,508.77959999999956,High Value
15048.0,35,23,98.7,4.291304347826087,106.43520000000002,Low Value
15059.0,1,29,182.78,6.302758620689655,182.96630000000005,Low Value
15061.0,26,124,19950.66,160.89241935483872,17169.306499999977,High Value
15062.0,25,11,209.08,19.007272727272728,209.62100000000027,Low Value
15070.0,39,1,106.2,106.2,119.39600000000014,Low Value
15078.0,21,37,818.6500000000001,22.125675675675677,807.2231999999992,High Value
15079.0,32,4,141.95,35.4875,135.25880000000012,Low Value
15081.0,33,8,111.15,13.89375,112.70999999999992,Low Value
15093.0,5,37,1844.13,49.841351351351356,1746.5217000000014,High Value
15100.0,33,2,700.8,350.4,466.9670000000004,Medium Value
15101.0,26,4,102.28,25.57,101.81969999999995,Low Value
15107.0,26,8,177.05,22.13125,177.2116999999998,Low Value
15111.0,39,16,288.5,18.03125,292.4850000000001,Medium Value
15139.0,3,8,122.10000000000001,15.262500000000001,122.43940000000008,Low Value
15157.0,25,54,1085.46,20.101111111111113,1073.4538000000011,High Value
15159.0,27,48,1860.98,38.77041666666667,1562.5084999999985,High Value
15160.0,24,4,158.16,39.54,165.02739999999991,Low Value
15164.0,6,16,173.39000000000001,10.836875000000001,174.28709999999995,Low Value
15165.0,40,27,487.75,18.064814814814813,491.64639999999997,High Value
15180.0,33,6,87.5,14.583333333333334,80.50040000000003,Low Value
15192.0,31,15,315.0,21.0,314.99869999999993,Medium Value
15194.0,3,91,1890.54,20.775164835164833,1900.838699999999,High Value
15197.0,24,3,556.5,185.5,536.5242999999998,High Value
15204.0,24,9,316.58,35.175555555555555,309.2305000000005,Medium Value
15208.0,20,3,65.4,21.8,68.27899999999995,Low Value
15211.0,31,23,383.07,16.655217391304348,381.60959999999994,Medium Value
15221.0,33,5,403.25,80.65,423.49800000000005,Medium Value
15224.0,24,14,322.08,23.005714285714284,323.4988000000006,Medium Value
15235.0,5,51,807.29,15.829215686274509,816.1567999999996,High Value
15246.0,25,12,186.0,15.5,187.4416,Low Value
15260.0,39,17,420.5,24.735294117647058,412.0969,Medium Value
15266.0,5,6,119.3,19.883333333333333,118.02109999999989,Low Value
15271.0,4,40,364.84999999999997,9.12125,364.4815999999996,Medium Value
15279.0,21,19,290.51,15.29,293.8325999999999,Medium Value
15288.0,32,26,165.65,6.371153846153846,167.80979999999983,Low Value
15290.0,25,8,219.6,27.45,221.6828,Low Value
15291.0,24,6,648.9,108.14999999999999,608.3375000000007,High Value
15298.0,4,32,703.34,21.979375,692.5077999999988,High Value
15299.0,38,3,1835.01,611.67,1260.4717999999991,High Value
15301.0,35,34,673.37,19.805,677.5183000000003,High Value
15304.0,35,5,123.15,24.630000000000003,132.95850000000002,Low Value
15311.0,2,237,3963.47,16.72350210970464,3902.179499999993,High Value
15312.0,21,16,289.74,18.10875,289.57350000000037,Medium Value
15332.0,32,35,1661.06,47.45885714285714,1617.1960999999988,High Value
15347.0,32,5,201.60000000000002,40.32000000000001,200.73589999999993,Low Value
15350.0,40,5,115.65,23.130000000000003,120.38549999999992,Low Value
15351.0,36,51,274.67,5.385686274509804,275.6259999999998,Medium Value
15353.0,34,12,311.65,25.97083333333333,309.41560000000027,Medium Value
15356.0,27,115,365.54,3.178608695652174,382.8130000000003,Medium Value
15358.0,5,82,1278.41,15.590365853658538,1190.8007000000011,High Value
15361.0,28,7,418.92,59.84571428571429,424.2166999999994,Medium Value
15363.0,39,16,326.0,20.375,323.63200000000006,Medium Value
15366.0,24,8,105.54,13.1925,108.20150000000008,Low Value
15373.0,26,16,537.1,33.56875,536.4346999999993,High Value
15379.0,4,103,2151.61,20.889417475728155,2071.8094999999958,High Value
15380.0,31,1,230.10000000000002,230.10000000000002,234.2675999999998,Low Value
15384.0,26,20,303.57,15.1785,300.2147,Medium Value
15392.0,26,19,338.98,17.841052631578947,337.55179999999984,Medium Value
15394.0,25,24,587.66,24.485833333333332,579.3074000000012,High Value
15426.0,36,86,411.42,4.783953488372093,400.40579999999915,Medium Value
15454.0,29,25,179.1,7.164,184.31310000000005,Low Value
15456.0,25,26,243.22,9.354615384615384,250.46790000000007,Low Value
15460.0,20,58,216.76,3.7372413793103445,216.81349999999978,Low Value
15464.0,4,157,1048.85,6.680573248407643,1168.684100000002,High Value
15465.0,1,17,1258.15,74.00882352941177,1762.3292999999999,High Value
15482.0,25,8,723.64,90.455,671.7300000000005,High Value
15485.0,2,43,1278.63,29.73558139534884,1271.147900000001,High Value
15498.0,5,37,1220.12,32.976216216216216,1226.8013999999985,High Value
15502.0,34,28,929.4,33.19285714285714,871.4320000000002,High Value
15503.0,29,70,147.09,2.1012857142857144,186.2383000000001,Low Value
15512.0,26,6,101.2,16.866666666666667,99.75669999999998,Low Value
15513.0,32,15,1313.5,87.56666666666666,1318.1488,High Value
15514.0,27,73,1884.71,25.817945205479454,1993.6561000000004,High Value
15525.0,40,57,313.93,5.507543859649123,311.5836000000001,Medium Value
15527.0,21,18,221.4,12.3,224.97320000000013,Low Value
15529.0,31,17,321.46,18.90941176470588,320.54409999999956,Medium Value
15532.0,24,50,356.35,7.127000000000001,348.7999999999995,Medium Value
15544.0,39,26,354.54,13.636153846153848,353.7187000000005,Medium Value
15545.0,37,31,135.32999999999998,4.365483870967742,139.07049999999998,Low Value
15547.0,29,56,767.37,13.703035714285715,762.5396999999998,High Value
15555.0,28,95,989.82,10.419157894736843,941.8808000000012,High Value
15562.0,18,1,134.55,134.55,159.87639999999988,Low Value
15563.0,25,22,270.19,12.281363636363636,270.60329999999965,Medium Value
15570.0,23,114,1064.64,9.338947368421053,1012.8364999999998,High Value
15574.0,25,159,590.15,3.711635220125786,709.8098999999999,High Value
15581.0,20,49,325.96,6.652244897959183,329.76059999999956,Medium Value
15587.0,18,3,344.88,114.96,365.4656000000001,Medium Value
15596.0,31,21,402.32,19.15809523809524,402.12569999999994,Medium Value
15601.0,3,115,1924.9,16.738260869565217,1728.7938999999983,High Value
15602.0,27,4,152.55,38.1375,151.98179999999985,Low Value
15605.0,40,12,194.85000000000002,16.2375,195.0844999999999,Low Value
15607.0,3,13,104.76,8.05846153846154,108.68140000000014,Low Value
15611.0,1,3,104.25,34.75,101.57890000000002,Low Value
15615.0,25,25,1081.19,43.247600000000006,969.9231999999992,High Value
15620.0,25,31,424.49,13.693225806451613,418.43639999999994,Medium Value
15628.0,33,19,319.18,16.798947368421054,318.68720000000025,Medium Value
15640.0,21,106,2766.69,26.100849056603774,2481.1324,High Value
15641.0,25,20,308.37,15.4185,308.57719999999995,Medium Value
15646.0,38,17,189.8,11.164705882352942,187.30719999999977,Low Value
15649.0,3,2,816.0,408.0,1732.7497999999998,High Value
15658.0,39,14,306.2,21.87142857142857,307.2624000000003,Medium Value
15660.0,32,10,209.3,20.93,212.87239999999983,Low Value
15661.0,5,1,116.0,116.0,151.7353,Low Value
15680.0,32,30,478.89,15.963,479.8016999999995,High Value
15689.0,28,6,103.5,17.25,103.00059999999998,Low Value
15694.0,27,13,847.3299999999999,65.17923076923077,941.6701000000003,High Value
15708.0,1,86,782.45,9.09825581395349,823.8415,High Value
15713.0,32,9,171.15,19.016666666666666,169.9148999999999,Low Value
15716.0,36,38,547.1,14.397368421052633,541.8741999999994,High Value
15719.0,4,104,433.04,4.163846153846154,418.4665000000005,Medium Value
15723.0,31,41,203.1,4.953658536585365,204.52920000000012,Low Value
15727.0,25,67,1536.85,22.938059701492534,1524.8341000000019,High Value
15732.0,38,5,138.1,27.619999999999997,140.58030000000005,Low Value
15738.0,39,14,329.65000000000003,23.546428571428574,329.7241000000003,Medium Value
15750.0,33,19,340.52,17.922105263157892,340.5055000000001,Medium Value
15752.0,39,14,259.65000000000003,18.546428571428574,259.2385000000003,Medium Value
15759.0,24,4,97.24000000000001,24.310000000000002,93.38069999999996,Low Value
15769.0,2,12,5636.28,469.69,4572.701800000005,High Value
15777.0,27,5,365.55,73.11,377.87210000000005,Medium Value
15780.0,24,12,177.15,14.762500000000001,172.34909999999996,Low Value
15789.0,25,25,351.3,14.052,352.6694999999998,Medium Value
15805.0,31,11,370.80000000000007,33.70909090909092,369.43570000000017,Medium Value
15808.0,5,147,2983.77,20.297755102040817,3419.5243999999984,High Value
15811.0,24,23,438.8,19.078260869565216,436.00800000000027,Medium Value
15822.0,26,16,440.2,27.5125,442.1072999999997,Medium Value
15823.0,38,1,15.0,15.0,40.26390000000001,Low Value
15827.0,39,14,190.93,13.637857142857143,192.90959999999978,Low Value
15838.0,34,3,957.5,319.1666666666667,784.8134,High Value
15841.0,5,7,331.6,47.371428571428574,341.6989999999997,Medium Value
15845.0,3,13,303.36,23.335384615384616,317.18670000000014,Medium Value
15854.0,28,15,230.1,15.34,233.87299999999993,Low Value
15856.0,17,53,3281.31,61.911509433962266,3789.9116999999997,High Value
15858.0,34,44,383.93,8.725681818181819,391.1243,Medium Value
15860.0,35,15,102.66,6.843999999999999,111.77149999999995,Low Value
15862.0,40,64,354.23,5.53484375,346.9594999999998,Medium Value
15867.0,20,88,557.22,6.3320454545454545,556.9325000000003,High Value
15880.0,36,105,343.28000000000003,3.2693333333333334,357.05699999999973,Medium Value
15881.0,28,4,155.25,38.8125,155.00329999999997,Low Value
15882.0,35,16,371.32000000000005,23.207500000000003,372.7911999999999,Medium Value
15889.0,35,66,297.92,4.513939393939395,294.9887999999995,Medium Value
15894.0,36,38,156.74,4.124736842105263,162.61659999999986,Low Value
15898.0,34,64,521.69,8.15140625,490.01249999999976,High Value
15899.0,35,4,56.25,14.0625,56.648600000000016,Low Value
15916.0,33,13,232.45,17.88076923076923,235.84370000000035,Low Value
15919.0,35,49,270.72,5.524897959183674,280.93239999999975,Medium Value
15922.0,40,11,369.5,33.59090909090909,367.48250000000013,Medium Value
15923.0,39,21,127.08,6.051428571428572,130.24379999999994,Low Value
15945.0,32,2,181.0,90.5,187.96719999999993,Low Value
15950.0,26,29,428.82000000000005,14.786896551724139,427.6745,Medium Value
15953.0,35,16,209.84,13.115,210.09870000000004,Low Value
15955.0,39,20,572.38,28.619,569.9550999999996,High Value
15965.0,34,16,156.19,9.761875,157.34980000000013,Low Value
15973.0,33,4,307.82000000000005,76.95500000000001,309.8418999999999,Medium Value
15983.0,27,81,1148.27,14.176172839506172,1105.7534000000012,High Value
15984.0,5,17,230.59,13.564117647058824,226.10050000000004,Low Value
15987.0,35,9,113.48,12.60888888888889,115.2618999999998,Low Value
15996.0,32,32,263.25,8.2265625,262.0497000000001,Medium Value
15998.0,29,118,863.39,7.316864406779661,805.7933,High Value
16003.0,26,20,1181.0,59.05,1201.1062,High Value
16010.0,29,24,110.1,4.5874999999999995,120.22559999999996,Low Value
16011.0,29,40,406.1,10.1525,404.0446999999995,Medium Value
16013.0,3,10,4408.1,440.81000000000006,3529.853399999999,High Value
16016.0,33,69,382.27,5.540144927536232,376.0696,Medium Value
16019.0,3,25,723.35,28.934,730.0599000000001,High Value
16029.0,6,33,13202.52,400.0763636363636,10506.691100000007,High Value
16033.0,5,99,790.83,7.988181818181818,786.1719000000006,High Value
16037.0,25,15,300.46,20.030666666666665,300.93579999999986,Medium Value
16048.0,39,8,256.44,32.055,260.06899999999996,Medium Value
16059.0,34,18,118.25,6.569444444444445,133.60689999999994,Low Value
16062.0,31,7,247.56,35.36571428571428,247.29270000000022,Low Value
16065.0,32,74,372.09,5.028243243243243,403.17179999999973,Medium Value
16081.0,33,22,157.6,7.163636363636363,159.4895,Low Value
16083.0,27,17,337.98,19.881176470588237,335.7447999999997,Medium Value
16086.0,34,8,177.26,22.1575,176.16629999999995,Low Value
16098.0,40,12,430.6,35.88333333333333,428.59319999999957,Medium Value
16112.0,5,2,72.0,36.0,69.2895,Low Value
16122.0,33,10,105.72,10.572,111.95709999999995,Low Value
16125.0,33,13,289.35,22.25769230769231,300.97480000000024,Medium Value
16134.0,26,16,283.53000000000003,17.720625000000002,284.7887999999999,Medium Value
16140.0,37,7,124.14,17.734285714285715,125.48229999999988,Low Value
16143.0,21,27,811.35,30.05,831.3741000000008,High Value
16145.0,5,34,668.84,19.671764705882353,669.0954999999988,High Value
16150.0,38,22,393.42,17.882727272727273,386.6919,Medium Value
16153.0,21,10,215.01,21.500999999999998,220.98409999999984,Low Value
16161.0,26,62,576.3,9.29516129032258,567.3117000000009,High Value
16163.0,31,5,441.6,88.32000000000001,456.93149999999946,Medium Value
16168.0,36,3,275.8,91.93333333333334,270.8583999999997,Medium Value
16186.0,38,20,307.68,15.384,309.6526000000001,Medium Value
16191.0,3,23,1475.22,64.14,1478.8951000000002,High Value
16202.0,27,18,365.27,20.292777777777776,359.8564,Medium Value
16203.0,38,11,170.7,15.518181818181818,173.8944999999999,Low Value
16210.0,25,37,7000.64,189.20648648648648,5537.963000000004,High Value
16218.0,40,28,471.3,16.83214285714286,468.1485000000004,Medium Value
16221.0,34,12,166.74,13.895000000000001,166.00889999999998,Low Value
16233.0,33,2,147.39999999999998,73.69999999999999,160.88029999999983,Low Value
16241.0,5,71,438.03000000000003,6.169436619718311,451.4834999999995,Medium Value
16244.0,39,63,1056.63,16.771904761904764,1033.9140000000004,High Value
16250.0,40,14,226.14,16.15285714285714,225.28939999999977,Low Value
16255.0,6,60,673.85,11.230833333333333,672.9052999999997,High Value
16265.0,31,38,840.81,22.12657894736842,829.9217999999989,High Value
16270.0,20,54,1141.24,21.134074074074075,1124.4999000000007,High Value
16271.0,24,16,133.22,8.32625,136.86609999999985,Low Value
16274.0,39,67,357.95,5.342537313432835,338.88359999999955,Medium Value
16282.0,6,11,168.3,15.3,168.17689999999982,Low Value
16293.0,33,16,378.75,23.671875,377.06719999999996,Medium Value
16306.0,3,15,243.25,16.216666666666665,242.8911,Low Value
16316.0,25,20,308.21999999999997,15.410999999999998,308.51870000000014,Medium Value
16326.0,1,30,267.2,8.906666666666666,270.9114000000002,Medium Value
16327.0,36,66,535.6,8.115151515151515,494.8300999999999,High Value
16353.0,5,5,612.0,122.4,667.7332000000001,High Value
16365.0,26,7,368.46,52.637142857142855,377.4798999999996,Medium Value
16367.0,29,37,170.91,4.619189189189189,175.75879999999995,Low Value
16385.0,33,21,148.23000000000002,7.05857142857143,148.19669999999994,Low Value
16393.0,29,20,291.55,14.5775,293.83899999999966,Medium Value
16402.0,36,57,211.8,3.7157894736842105,210.3739999999997,Low Value
16411.0,36,21,131.5,6.261904761904762,131.93599999999998,Low Value
16422.0,3,28,2432.09,86.86035714285715,2251.6550999999986,High Value
16442.0,27,46,151.66,3.2969565217391303,156.79219999999998,Low Value
16455.0,27,30,531.98,17.732666666666667,529.2250999999993,High Value
16456.0,40,16,787.4,49.2125,774.9998999999999,High Value
16458.0,27,10,193.9,19.39,200.88730000000032,Low Value
16470.0,25,39,216.34,5.547179487179487,225.9497000000002,Low Value
16473.0,3,8,149.41,18.67625,149.98139999999995,Low Value
16477.0,19,33,544.4,16.496969696969696,571.1584,High Value
16499.0,27,19,365.45,19.23421052631579,365.87280000000004,Medium Value
16503.0,27,30,488.09,16.269666666666666,493.1872999999993,High Value
16510.0,39,13,248.1,19.084615384615383,254.24819999999983,Low Value
16519.0,32,5,103.7,20.740000000000002,107.53040000000001,Low Value
16520.0,32,60,325.76,5.429333333333333,327.8673999999995,Medium Value
16525.0,25,14,802.44,57.31714285714286,819.5380000000006,High Value
16531.0,27,6,92.82,15.469999999999999,91.08679999999993,Low Value
16532.0,5,1,1910.4,1910.4,12022.568300000003,High Value
16539.0,24,30,747.25,24.908333333333335,729.5528999999999,High Value
16546.0,39,6,299.40000000000003,49.900000000000006,298.60460000000046,Medium Value
16549.0,1,33,119.49000000000001,3.620909090909091,128.5415999999999,Low Value
16550.0,35,48,554.66,11.555416666666666,559.9525000000009,High Value
16551.0,3,11,311.07,28.279090909090908,311.6828999999998,Medium Value
16552.0,40,5,95.29,19.058,98.52140000000007,Low Value
16553.0,27,17,1609.44,94.67294117647059,1539.602000000001,High Value
16556.0,27,16,310.85,19.428125,311.2910999999998,Medium Value
16558.0,23,42,880.5500000000001,20.965476190476192,942.3211000000001,High Value
16560.0,25,21,332.18,15.818095238095239,335.4828999999999,Medium Value
16565.0,30,3,173.7,57.9,180.1820000000002,Low Value
16567.0,3,26,557.5600000000001,21.444615384615386,564.5230999999993,High Value
16583.0,40,14,233.45,16.675,231.92009999999988,Low Value
16596.0,32,6,120.65,20.108333333333334,119.3726999999999,Low Value
16600.0,5,9,125.86,13.984444444444444,126.24850000000013,Low Value
16607.0,23,8,654.8199999999999,81.85249999999999,595.3407000000002,High Value
16634.0,38,8,164.8,20.6,163.2138999999998,Low Value
16638.0,26,3,70.80000000000001,23.600000000000005,70.62350000000004,Low Value
16654.0,34,9,227.4,25.266666666666666,222.5960000000001,Low Value
16656.0,6,8,739.04,92.38,679.7159000000003,High Value
16658.0,35,8,123.24,15.405,123.92939999999992,Low Value
16665.0,29,9,135.39999999999998,15.044444444444443,133.90389999999988,Low Value
16670.0,25,29,403.61,13.917586206896551,391.5542000000003,Medium Value
16676.0,4,29,464.82,16.028275862068966,461.1036999999999,Medium Value
16679.0,33,3,129.75,43.25,136.94379999999998,Low Value
16684.0,21,23,3113.4,135.36521739130436,2471.7336,High Value
16686.0,21,86,364.98,4.243953488372093,372.0248,Medium Value
16700.0,32,14,336.94,24.06714285714286,333.6721999999998,Medium Value
16701.0,28,11,476.76,43.341818181818184,463.26450000000017,Medium Value
16705.0,25,15,1131.72,75.44800000000001,1098.3678000000007,High Value
16710.0,27,75,524.97,6.9996,531.0567000000011,High Value
16711.0,24,1,214.20000000000002,214.20000000000002,255.3783000000002,Low Value
16713.0,21,103,758.54,7.364466019417476,751.3704000000002,High Value
16717.0,32,15,307.25,20.483333333333334,307.82530000000014,Medium Value
16718.0,36,45,623.75,13.86111111111111,630.975,High Value
16719.0,5,60,583.18,9.719666666666665,572.2913000000001,High Value
16722.0,32,41,799.52,19.50048780487805,808.6053999999998,High Value
16725.0,5,92,439.5,4.7771739130434785,446.33399999999995,Medium Value
16726.0,28,20,129.57,6.4784999999999995,136.16659999999985,Low Value
16727.0,31,46,272.82,5.9308695652173915,269.88909999999987,Medium Value
16735.0,1,47,660.36,14.050212765957447,691.9743999999998,High Value
16743.0,25,30,430.28000000000003,14.342666666666668,434.3682999999996,Medium Value
16746.0,25,11,311.64,28.33090909090909,311.5064999999997,Medium Value
16748.0,1,15,479.0,31.933333333333334,472.54649999999987,Medium Value
16752.0,39,9,207.5,23.055555555555557,203.6413000000001,Low Value
16754.0,38,2,2002.4,1001.2,1939.6303999999975,High Value
16770.0,24,12,262.20000000000005,21.850000000000005,264.5750000000004,Medium Value
16771.0,5,34,296.66,8.72529411764706,297.1139999999999,Medium Value
16775.0,33,18,231.9,12.883333333333333,232.30120000000016,Low Value
16779.0,3,52,1122.78,21.591923076923077,1114.7239000000004,High Value
16781.0,39,17,311.25,18.308823529411764,310.44489999999985,Medium Value
16782.0,26,95,577.99,6.084105263157895,500.1588999999996,High Value
16795.0,32,66,414.88,6.286060606060606,408.46809999999977,Medium Value
16805.0,27,55,214.77,3.904909090909091,210.95690000000016,Low Value
16812.0,27,15,479.35,31.956666666666667,472.8648999999994,Medium Value
16814.0,5,37,917.4200000000001,24.795135135135137,904.209099999999,High Value
16816.0,24,5,75.78,15.156,79.24119999999992,Low Value
16817.0,26,15,367.3,24.486666666666668,367.0048000000001,Medium Value
16833.0,1,18,309.48,17.193333333333335,308.07840000000004,Medium Value
16835.0,39,5,81.75,16.35,89.93330000000002,Low Value
16839.0,3,16,979.71,61.231875,1011.7479000000008,High Value
16858.0,35,10,375.69000000000005,37.569,381.1490000000002,Medium Value
16863.0,33,9,164.25,18.25,165.06650000000005,Low Value
16873.0,30,68,2157.64,31.729999999999997,2046.0893000000037,High Value
16875.0,6,22,368.8,16.763636363636365,362.1818999999998,Medium Value
16883.0,38,17,128.03,7.531176470588235,133.01520000000005,Low Value
16885.0,23,30,190.65,6.355,191.43479999999997,Low Value
16889.0,3,48,523.05,10.896875,559.3671000000003,High Value
16891.0,38,69,232.26,3.366086956521739,249.49289999999957,Low Value
16893.0,33,45,145.93,3.242888888888889,152.4704,Low Value
16898.0,35,32,116.08,3.6275,122.75389999999997,Low Value
16899.0,27,16,170.55,10.659375,171.49469999999994,Low Value
16904.0,34,31,338.70000000000005,10.925806451612905,338.98730000000035,Medium Value
16905.0,38,10,254.39999999999998,25.439999999999998,265.0956000000002,Medium Value
16907.0,31,34,182.01999999999998,5.353529411764705,179.52630000000022,Low Value
16916.0,39,50,198.08,3.9616000000000002,200.55430000000018,Low Value
16919.0,27,65,540.01,8.307846153846153,517.9139000000002,High Value
16923.0,1,74,915.7,12.374324324324325,923.3964999999994,High Value
16926.0,38,14,230.25,16.446428571428573,227.62599999999986,Low Value
16927.0,28,2,218.1,109.05,245.9891999999998,Low Value
16928.0,39,6,116.25,19.375,113.50150000000002,Low Value
16931.0,24,81,364.66,4.501975308641976,372.4040000000001,Medium Value
16945.0,24,19,279.85,14.728947368421053,283.5172999999997,Medium Value
16950.0,33,3,172.0,57.333333333333336,176.735,Low Value
16954.0,26,12,346.79999999999995,28.899999999999995,348.05639999999977,Medium Value
16955.0,2,15,354.98,23.665333333333333,355.9252,Medium Value
16983.0,36,9,163.49,18.165555555555557,163.89349999999996,Low Value
16985.0,25,18,933.3199999999999,51.85111111111111,949.5779000000018,High Value
16996.0,19,4,127.54000000000002,31.885000000000005,124.42550000000011,Low Value
17001.0,25,12,397.96,33.163333333333334,394.2707999999995,Medium Value
17007.0,24,12,207.12,17.26,204.97209999999998,Low Value
17017.0,26,73,2357.64,32.29643835616438,2272.9027000000033,High Value
17019.0,35,49,358.82,7.322857142857143,358.54659999999984,Medium Value
17025.0,39,5,160.97,32.194,161.25299999999982,Low Value
17026.0,36,3,33.15,11.049999999999999,36.892199999999946,Low Value
17033.0,26,8,307.8,38.475,299.3281999999995,Medium Value
17041.0,27,17,304.5,17.91176470588235,308.09199999999987,Medium Value
17059.0,36,117,722.36,6.174017094017094,679.0575000000001,High Value
17062.0,25,52,435.73,8.379423076923077,425.9861000000003,Medium Value
17068.0,24,31,297.45,9.595161290322581,298.7602000000004,Medium Value
17069.0,21,26,583.2,22.430769230769233,597.9098999999994,High Value
17076.0,31,7,151.5,21.642857142857142,150.7748,Low Value
17085.0,21,84,740.44,8.814761904761905,746.8018000000005,High Value
17090.0,21,2,61.199999999999996,30.599999999999998,65.39199999999994,Low Value
17091.0,34,13,293.45000000000005,22.573076923076925,298.1062000000004,Medium Value
17095.0,1,16,313.15,19.571875,311.17700000000053,Medium Value
17097.0,31,40,174.72,4.368,177.2961999999999,Low Value
17114.0,1,29,142.24,4.904827586206897,147.3970999999999,Low Value
17126.0,29,62,212.6,3.429032258064516,223.22999999999973,Low Value
17128.0,1,14,157.09,11.220714285714285,160.44780000000003,Low Value
17135.0,38,9,215.57999999999998,23.953333333333333,207.92420000000004,Low Value
17146.0,25,16,298.25,18.640625,298.0504000000001,Medium Value
17158.0,27,25,413.79,16.5516,398.3049000000002,Medium Value
17179.0,28,20,243.0,12.15,246.3265,Low Value
17181.0,40,2,155.52,77.76,171.05899999999997,Low Value
17188.0,6,16,902.36,56.3975,900.3761000000003,High Value
17189.0,25,38,227.22,5.979473684210526,225.4424000000002,Low Value
17191.0,34,72,510.11,7.0848611111111115,515.5570000000005,High Value
17194.0,27,28,252.62,9.022142857142857,254.1493999999999,Low Value
17198.0,32,77,521.66,6.774805194805195,527.7933000000011,High Value
17211.0,20,75,779.71,10.396133333333333,790.7645999999996,High Value
17213.0,20,31,615.85,19.866129032258065,621.7727999999992,High Value
17214.0,25,14,171.05,12.217857142857143,174.4982,Low Value
17218.0,21,97,606.28,6.250309278350515,604.5751999999997,High Value
17220.0,30,32,317.5,9.921875,319.096,Medium Value
17223.0,35,30,292.84000000000003,9.761333333333335,295.5336000000002,Medium Value
17227.0,35,10,142.25,14.225,146.10169999999997,Low Value
17228.0,34,30,355.95,11.865,361.6638000000002,Medium Value
17230.0,20,41,2760.01,67.31731707317074,2795.7003000000022,High Value
17231.0,28,52,232.01,4.461730769230769,235.95349999999976,Low Value
17235.0,39,10,341.9,34.19,345.3523000000005,Medium Value
17236.0,29,9,126.28,14.03111111111111,127.52770000000008,Low Value
17238.0,37,60,370.09000000000003,6.168166666666667,373.3667999999998,Medium Value
17243.0,1,55,1123.8500000000001,20.433636363636367,1104.7950000000014,High Value
17251.0,29,39,283.28000000000003,7.263589743589744,296.4183999999998,Medium Value
17259.0,35,87,381.64,4.386666666666667,372.66829999999965,Medium Value
17262.0,33,2,268.86,134.43,280.3575999999998,Medium Value
17284.0,3,131,716.11,5.466488549618321,806.5607000000005,High Value
17287.0,34,22,222.7,10.122727272727273,231.06160000000025,Low Value
17288.0,25,7,133.56,19.080000000000002,136.0600999999999,Low Value
17293.0,27,14,346.14,24.724285714285713,340.41459999999984,Medium Value
17303.0,28,53,250.04,4.717735849056604,256.2425999999998,Low Value
17306.0,20,1,324.0,324.0,361.82620000000003,Medium Value
17315.0,6,43,299.48,6.964651162790698,304.1490999999997,Medium Value
17320.0,34,22,450.92,20.496363636363636,448.76489999999916,Medium Value
17324.0,33,6,127.05000000000001,21.175,123.84799999999994,Low Value
17338.0,28,56,767.6,13.707142857142857,761.8028999999999,High Value
17339.0,31,4,60.0,15.0,58.87440000000002,Low Value
17340.0,20,136,4360.39,32.06169117647059,5114.710300000006,High Value
17341.0,33,161,513.6,3.190062111801242,715.2479999999996,High Value
17343.0,21,17,193.64,11.390588235294118,193.37689999999978,Low Value
17346.0,26,47,247.84,5.273191489361702,238.53200000000015,Low Value
17358.0,22,42,246.70000000000002,5.873809523809524,249.2363000000003,Low Value
17368.0,4,17,563.15,33.12647058823529,546.5975000000003,High Value
17371.0,27,8,97.63,12.20375,104.27879999999996,Low Value
17372.0,27,75,370.78000000000003,4.943733333333333,403.52949999999976,Medium Value
17375.0,27,21,109.71000000000001,5.224285714285715,129.30169999999995,Low Value
17377.0,23,44,785.08,17.842727272727274,816.2824999999998,High Value
17381.0,35,11,3603.7200000000003,327.6109090909091,1914.815100000001,High Value
17392.0,24,49,312.41,6.375714285714286,315.3729999999998,Medium Value
17396.0,38,3,397.5,132.5,384.9889999999999,Medium Value
17400.0,19,37,424.17,11.464054054054055,432.4325999999994,Medium Value
17402.0,35,24,459.96999999999997,19.165416666666665,453.7597000000005,Medium Value
17404.0,24,26,3834.2999999999997,147.47307692307692,3667.388099999996,High Value
17406.0,33,19,702.1,36.95263157894737,678.7515999999996,High Value
17412.0,24,21,447.76,21.32190476190476,446.3061999999999,Medium Value
17419.0,33,19,374.27,19.698421052631577,372.6818999999999,Medium Value
17420.0,40,7,130.85,18.692857142857143,131.6107000000001,Low Value
17428.0,6,35,1216.99,34.771142857142856,1221.8358999999984,High Value
17430.0,32,5,112.6,22.52,116.39050000000015,Low Value
17449.0,26,73,684.26,9.373424657534246,690.8791000000003,High Value
17450.0,34,3,2028.84,676.28,1701.482599999998,High Value
17454.0,26,9,165.85,18.427777777777777,165.7503000000001,Low Value
17456.0,31,17,249.86,14.69764705882353,254.3428000000002,Low Value
17457.0,6,4,385.8,96.45,366.32950000000005,Medium Value
17460.0,38,2,70.30000000000001,35.150000000000006,65.65450000000007,Low Value
17470.0,34,11,178.4,16.21818181818182,180.00499999999982,Low Value
17491.0,34,5,327.40000000000003,65.48,350.4399000000004,Medium Value
17496.0,25,10,271.05,27.105,278.6148999999997,Medium Value
17511.0,5,122,10573.22,86.66573770491803,8987.345599999991,High Value
17519.0,34,18,335.3,18.62777777777778,338.11929999999984,Medium Value
17524.0,28,6,145.0,24.166666666666668,143.0761,Low Value
17525.0,26,9,422.70000000000005,46.96666666666667,390.7053999999997,Medium Value
17526.0,27,6,238.6,39.766666666666666,243.20279999999985,Low Value
17530.0,31,65,300.64,4.625230769230769,303.3172999999996,Medium Value
17551.0,26,43,306.84,7.1358139534883716,317.73479999999995,Medium Value
17552.0,38,13,298.52,22.963076923076922,302.36210000000034,Medium Value
17555.0,1,49,195.45,3.9887755102040816,195.78310000000027,Low Value
17567.0,38,27,517.95,19.183333333333334,519.7045999999995,High Value
17572.0,40,4,70.80000000000001,17.700000000000003,70.81790000000007,Low Value
17576.0,27,22,297.0,13.5,296.7803,Medium Value
17580.0,24,3,46.85,15.616666666666667,50.04800000000006,Low Value
17581.0,38,38,786.78,20.704736842105262,802.8707999999992,High Value
17585.0,4,28,417.81,14.921785714285715,417.9544000000001,Medium Value
17591.0,33,80,406.6,5.0825000000000005,411.25889999999947,Medium Value
17593.0,19,26,662.9,25.496153846153845,669.6766000000006,High Value
17596.0,35,60,392.62,6.543666666666667,393.7606000000003,Medium Value
17611.0,28,44,244.19,5.549772727272727,253.24970000000008,Low Value
17616.0,34,1,326.4,326.4,338.4022000000005,Medium Value
17618.0,28,53,320.28,6.043018867924528,320.8277999999997,Medium Value
17621.0,21,4,239.4,59.85,242.83850000000027,Low Value
17629.0,26,11,238.65,21.695454545454545,238.74800000000033,Low Value
17634.0,4,74,785.65,10.61689189189189,800.8536999999997,High Value
17643.0,39,8,101.55,12.69375,102.64179999999992,Low Value
17646.0,32,9,251.0,27.88888888888889,249.22760000000002,Low Value
17655.0,32,9,676.1,75.12222222222222,655.1118999999992,High Value
17659.0,24,17,359.95,21.173529411764704,356.1052,Medium Value
17671.0,32,17,394.18,23.187058823529412,389.70350000000013,Medium Value
17674.0,35,11,300.66,27.332727272727276,298.7021,Medium Value
17675.0,5,38,1988.48,52.328421052631576,1990.4919000000023,High Value
17676.0,33,15,300.7,20.046666666666667,307.8368000000002,Medium Value
17677.0,33,26,1616.6000000000001,62.17692307692308,1649.5417000000025,High Value
17682.0,35,18,391.5,21.75,381.3432000000001,Medium Value
17685.0,27,13,463.02,35.61692307692307,457.3497999999993,Medium Value
17690.0,31,26,687.9000000000001,26.457692307692312,681.0911000000008,High Value
17691.0,24,19,290.40000000000003,15.28421052631579,293.2410000000003,Medium Value
17692.0,26,25,343.26,13.7304,342.34839999999974,Medium Value
17696.0,31,7,175.6,25.085714285714285,178.1560000000001,Low Value
17706.0,33,28,477.83,17.065357142857142,479.0901000000007,High Value
17707.0,3,3,83.7,27.900000000000002,85.54939999999993,Low Value
17720.0,34,1,102.0,102.0,103.37820000000005,Low Value
17722.0,33,45,910.14,20.22533333333333,925.3516999999996,High Value
17732.0,39,18,303.97,16.887222222222224,304.87489999999985,Medium Value
17735.0,34,22,454.6,20.663636363636364,452.0630999999992,Medium Value
17739.0,27,5,360.06,72.012,375.38310000000007,Medium Value
17744.0,25,19,377.52,19.869473684210526,377.77139999999997,Medium Value
17752.0,25,1,80.64,80.64,93.56550000000009,Low Value
17757.0,1,105,711.3000000000001,6.774285714285715,644.9303999999997,High Value
17760.0,39,9,172.54,19.17111111111111,171.2818000000003,Low Value
17787.0,38,31,736.28,23.750967741935483,721.8213999999996,High Value
17790.0,24,24,399.55,16.647916666666667,396.57470000000023,Medium Value
17796.0,1,54,396.9,7.35,394.90460000000036,Medium Value
17799.0,28,33,223.48,6.7721212121212115,231.31919999999974,Low Value
17800.0,1,12,136.05,11.3375,137.72239999999982,Low Value
17802.0,39,12,100.2,8.35,106.0363000000001,Low Value
17809.0,38,15,1251.5,83.43333333333334,1261.7842,High Value
17812.0,34,33,217.54999999999998,6.592424242424242,223.1323999999998,Low Value
17816.0,32,10,16.21,1.621,47.8745,Low Value
17819.0,29,14,980.1199999999999,70.00857142857141,1005.8707999999999,High Value
17827.0,31,112,1271.8,11.355357142857143,1182.9307000000017,High Value
17838.0,31,43,935.5600000000001,21.75720930232558,954.1117999999991,High Value
17841.0,1,370,3171.76,8.572324324324326,2742.580800000004,High Value
17848.0,24,5,97.3,19.46,100.57820000000001,Low Value
17850.0,38,297,5391.21,18.15222222222222,4869.3673000000035,High Value
17855.0,39,17,208.97,12.292352941176471,208.0563999999999,Low Value
17857.0,24,5,1340.7,268.14,1275.8769999999986,High Value
17858.0,26,27,1556.85,57.661111111111104,1600.626800000002,High Value
17860.0,35,58,252.8,4.358620689655172,249.78929999999968,Low Value
17863.0,36,21,384.71999999999997,18.32,385.48180000000025,Medium Value
17865.0,23,42,1079.83,25.710238095238093,1092.855200000001,High Value
17869.0,34,16,214.32,13.395,215.5774000000002,Low Value
17870.0,33,1,326.4,326.4,331.67520000000053,Medium Value
17873.0,39,9,215.14999999999998,23.90555555555555,208.90300000000008,Low Value
17880.0,31,26,458.92,17.65076923076923,469.3961000000001,Medium Value
17884.0,34,64,324.62,5.0721875,323.73119999999955,Medium Value
17888.0,24,3,29.43,9.81,33.14129999999996,Low Value
17890.0,27,64,476.96,7.4525,478.4534999999996,High Value
17894.0,19,92,515.85,5.6070652173913045,471.3088999999997,Medium Value
17897.0,33,72,434.62,6.036388888888889,436.9046000000003,Medium Value
17905.0,18,28,394.15,14.076785714285714,395.1575000000007,Medium Value
17908.0,40,58,243.28,4.19448275862069,236.01209999999983,Low Value
17912.0,25,36,289.41,8.039166666666667,287.7467999999999,Medium Value
17913.0,22,31,218.05,7.033870967741936,226.52449999999968,Low Value
17917.0,29,29,110.91,3.8244827586206895,129.0622,Low Value
17920.0,34,95,735.91,7.746421052631579,723.8046000000015,High Value
17924.0,40,2,279.0,139.5,279.7168999999999,Medium Value
17925.0,39,1,244.08,244.08,266.7338999999999,Medium Value
17937.0,27,18,2153.88,119.66000000000001,1979.912800000002,High Value
17949.0,4,2,1746.0,873.0,1918.7103999999997,High Value
17950.0,31,39,263.17,6.747948717948718,274.51289999999995,Medium Value
17951.0,25,9,409.50000000000006,45.50000000000001,388.3434,Medium Value
17954.0,34,15,128.68,8.578666666666667,130.6864000000001,Low Value
17961.0,19,77,569.75,7.39935064935065,589.0886000000003,High Value
17964.0,39,35,261.76,7.478857142857143,263.10559999999964,Medium Value
17965.0,31,24,156.8,6.533333333333334,158.9826999999999,Low Value
17967.0,38,48,123.07,2.5639583333333333,131.81999999999994,Low Value
17968.0,40,85,277.35,3.2629411764705885,327.38679999999977,Medium Value
17969.0,27,7,125.2,17.885714285714286,126.97029999999988,Low Value
17975.0,6,58,1053.3700000000001,18.161551724137933,1038.637,High Value
17976.0,39,65,353.19,5.433692307692308,343.9237999999997,Medium Value
17978.0,32,12,300.91999999999996,25.076666666666664,301.69099999999946,Medium Value
17980.0,25,15,295.2,19.68,297.7120000000002,Medium Value
17990.0,20,12,316.0,26.333333333333332,310.6476,Medium Value
17999.0,32,38,190.34,5.008947368421053,192.94570000000007,Low Value
18004.0,29,40,169.47,4.23675,170.55089999999996,Low Value
18011.0,39,28,102.78999999999999,3.671071428571428,110.53870000000013,Low Value
18016.0,30,19,156.65,8.244736842105263,155.81089999999983,Low Value
18037.0,28,6,31.3,5.216666666666667,47.59360000000005,Low Value
18041.0,3,137,1011.99,7.3867883211678835,1169.442900000002,High Value
18043.0,33,66,316.46,4.794848484848485,316.3996999999995,Medium Value
18044.0,27,6,74.25,12.375,73.6557,Low Value
18050.0,26,5,74.4,14.88,76.63469999999995,Low Value
18055.0,25,82,1751.1200000000001,21.355121951219513,1749.6434999999985,High Value
18061.0,33,6,405.16,67.52666666666667,393.0023000000004,Medium Value
18062.0,4,5,169.8,33.96,170.99439999999976,Low Value
18065.0,31,21,345.02,16.429523809523808,353.0351000000001,Medium Value
18071.0,32,14,258.95,18.49642857142857,258.2728000000003,Low Value
18074.0,40,13,489.6,37.66153846153846,477.95909999999935,High Value
18075.0,27,12,198.95000000000002,16.57916666666667,197.87060000000022,Low Value
18077.0,22,36,396.33,11.009166666666665,400.7082000000004,Medium Value
18085.0,40,9,303.9,33.766666666666666,301.5164000000005,Medium Value
18092.0,18,19,2852.64,150.13894736842104,2688.288000000001,High Value
18097.0,6,16,657.1800000000001,41.073750000000004,646.7058,High Value
18102.0,32,18,27834.61,1546.3672222222222,19077.32140000003,High Value
18109.0,5,39,691.73,17.736666666666668,682.6406000000005,High Value
18113.0,35,1,76.32000000000001,76.32000000000001,91.8906000000001,Low Value
18116.0,17,155,665.57,4.2940000000000005,670.5321999999999,High Value
18118.0,31,151,608.51,4.029867549668874,610.8255000000001,High Value
18119.0,34,30,181.12,6.037333333333334,182.2952000000002,Low Value
18144.0,27,7,502.65,71.80714285714285,462.0935000000004,Medium Value
18156.0,36,55,206.23000000000002,3.749636363636364,206.94129999999979,Low Value
18168.0,26,39,449.94,11.536923076923078,451.25280000000015,Medium Value
18176.0,24,30,476.35,15.878333333333334,474.8719999999997,High Value
18178.0,31,16,300.65000000000003,18.790625000000002,304.7226999999998,Medium Value
18179.0,3,18,335.8,18.655555555555555,339.6126999999997,Medium Value
18198.0,3,19,300.54,15.817894736842106,307.9369000000004,Medium Value
18219.0,27,24,390.06,16.2525,388.80770000000007,Medium Value
18223.0,24,21,501.69,23.89,498.9422000000005,High Value
18225.0,31,2,30.0,15.0,38.502399999999994,Low Value
18226.0,4,21,417.3,19.871428571428574,419.95750000000015,Medium Value
18229.0,33,10,653.2,65.32000000000001,683.2198999999991,High Value
18239.0,38,29,438.1,15.10689655172414,431.3907,Medium Value
18245.0,21,27,365.73,13.545555555555556,357.1475000000004,Medium Value
18259.0,33,7,376.30000000000007,53.75714285714287,387.3426000000001,Medium Value
18260.0,24,11,230.70000000000002,20.972727272727273,226.30850000000024,Low Value
18269.0,33,7,168.6,24.085714285714285,168.09960000000012,Low Value
18283.0,4,57,108.45,1.9026315789473685,126.42830000000018,Low Value
